Workbook

Sheet Инструкция
A1: Контакт-трекер · Аутентичная Глубина · Поток 1
A4: КАК ПОЛЬЗОВАТЬСЯ
A6: 1. Перейди на вкладку «Контакты» и заполни 50+ имён твоей тёплой базы.
A8: 2. Категории контактов:
A9: A · Горячий — была на офлайн-группе/VIP/активна, помнит тебя
A10: B · Тёплый — была однажды или давно, но был контакт
A11: C · Спящий — давно молчит, но был интерес
A12: D · Lead Magnet — подписалась на «5 дней возвращения» за последние 30 дней
A14: 3. Шаблон сообщения:
A15: Открой /launches/2026_q3_authentic_awakening/personal_invitations.md
A16: Выбери вариант A/B/C/D по категории контакта.
A17: В колонке «Шаблон» отметь какой использовала.
... A45: При 80 контактах: 80 → 50 → 35 → 22 → 10 учениц (попадаешь в цель).

Sheet Контакты
A1: # | B1: Имя | C1: Контакт (TG / IG / email) | D1: Категория | E1: Деталь для упоминания | F1: Шаблон (A/B/C/D) | G1: Дата отправки | H1: Дата ответа | I1: Статус | J1: Заметки
A2: =ROW()-1 -> 1 | B2: Анна Петрова | C2: @annapetrova | D2: A — Горячий | E2: Январская офлайн-группа · открылась в практике с тазом | F2: A | I2: Не отправлено | J2: Спросить про текущее состояние
A3: =ROW()-1 -> 2
A4: =ROW()-1 -> 3
A5: =ROW()-1 -> 4
A6: =ROW()-1 -> 5
A7: =ROW()-1 -> 6
A8: =ROW()-1 -> 7
A9: =ROW()-1 -> 8
A10: =ROW()-1 -> 9
A11: =ROW()-1 -> 10
A12: =ROW()-1 -> 11
A13: =ROW()-1 -> 12
A14: =ROW()-1 -> 13
... A81: =ROW()-1 -> 80

Sheet Воронка
A1: Цели запуска
A3: Минимум для запуска | B3: 12 | C3: учениц × €450 = €5 400
A4: Цель потока | B4: 15 | C4: учениц × €450 = €6 750
A5: Размер базы (входящая) | B5: 50 | C5: тёплых контактов минимум
A7: Воронка движения
A8: Этап | B8: Кол-во | C8: Конверсия
A9: Всего в базе | B9: =COUNTA(Контакты!B2:B81) -> 1
A10: Отправлено | B10: =COUNTIF(Контакты!I2:I81,"Отправлено")+COUNTIF(Контакты!I2:I81,"Ответила")+COUNTIF(Контакты!I2:I81,"Записалась на МК")+COUNTIF(Контакты!I2:I81,"Пришла на МК")+COUNTIF(Контакты!I2:I81,"Оплатила курс")+COUNTIF(Контакты!I2:I81,"Отказ")+COUNTIF(Контакты!I2:I81,"В лист ожидания") -> 0 | C10: =IF(B9>0, B10/B9, 0) -> 0
A11: Ответили | B11: =COUNTIF(Контакты!I2:I81,"Ответила")+COUNTIF(Контакты!I2:I81,"Записалась на МК")+COUNTIF(Контакты!I2:I81,"Пришла на МК")+COUNTIF(Контакты!I2:I81,"Оплатила курс") -> 0 | C11: =IF(B10>0, B11/B10, 0) -> 0
A12: Записались на МК | B12: =COUNTIF(Контакты!I2:I81,"Записалась на МК")+COUNTIF(Контакты!I2:I81,"Пришла на МК")+COUNTIF(Контакты!I2:I81,"Оплатила курс") -> 0 | C12: =IF(B11>0, B12/B11, 0) -> 0
A13: Пришли на эфир | B13: =COUNTIF(Контакты!I2:I81,"Пришла на МК")+COUNTIF(Контакты!I2:I81,"Оплатила курс") -> 0 | C13: =IF(B12>0, B13/B12, 0) -> 0
A14: Оплатили | B14: =COUNTIF(Контакты!I2:I81,"Оплатила курс") -> 0 | C14: =IF(B13>0, B14/B13, 0) -> 0
A15: Отказались | B15: =COUNTIF(Контакты!I2:I81,"Отказ") -> 0
A16: Лист ожидания | B16: =COUNTIF(Контакты!I2:I81,"В лист ожидания") -> 0
A17: Прогноз дохода
A18: Оплачено сейчас | B18: =B14*450 -> 0
A19: До цели минимум (12) | B19: =MAX(0,(B4-B14))*450 -> 6750
A20: До цели потока (15) | B20: =MAX(0,(B5-B14))*450 -> 22500
